{"initial_reset_timestamp": 1607425631.6722124, "timestamps": [1607425632.2437134], "episode_lengths": [10], "episode_rewards": [10.0], "episode_types": ["t"]}