{"initial_reset_timestamp": 1607180411.5340958, "timestamps": [1607180412.3441653], "episode_lengths": [36], "episode_rewards": [36.0], "episode_types": ["t"]}