{"initial_reset_timestamp": 1607277399.487421, "timestamps": [1607277400.0167146], "episode_lengths": [21], "episode_rewards": [21.0], "episode_types": ["t"]}