{"initial_reset_timestamp": 1608335372.2847486, "timestamps": [1608335373.1260006], "episode_lengths": [18], "episode_rewards": [18.0], "episode_types": ["t"]}