{"initial_reset_timestamp": 1608335291.9262912, "timestamps": [1608335294.1941657], "episode_lengths": [40], "episode_rewards": [40.0], "episode_types": ["t"]}