{"initial_reset_timestamp": 1608464241.824116, "timestamps": [1608464244.0405178], "episode_lengths": [39], "episode_rewards": [39.0], "episode_types": ["t"]}