{"initial_reset_timestamp": 1608056553.6037657, "timestamps": [1608056555.7694254], "episode_lengths": [58], "episode_rewards": [58.0], "episode_types": ["t"]}