{"initial_reset_timestamp": 1608464158.8077283, "timestamps": [1608464159.8468974], "episode_lengths": [24], "episode_rewards": [24.0], "episode_types": ["t"]}