{"initial_reset_timestamp": 1608035457.1139438, "timestamps": [1608035457.7036989], "episode_lengths": [23], "episode_rewards": [23.0], "episode_types": ["t"]}