{"initial_reset_timestamp": 1607593847.191415, "timestamps": [1607593864.3700528], "episode_lengths": [1000], "episode_rewards": [-1000.0], "episode_types": ["t"]}